{
 "eps": 2.0,
 "a_s": 6.283185307179586,
 "K": 10,
 "F_ext": 0.0,
 "F_lhs": 0.0,
 "F_rhs": 0.0,
 "dt": 0.005,
 "fname": "start.xyz",
 "nstep": 80000,
 "nskip": 30,
 "Np": 201,
 "a_c": 6.220975551662956,
 "BC": 1,
 "offset": 0.0,
 "gamma": 0.0,
 "T": 0.00,
 "m": 1.0,
 "g": 0.5,
 "li0":    4,
 "gamma0": 2.0,
 "T0":     0.0,
 "li1":    4,
 "gamma1": 2.0,
 "T1":     1.5
}
